{
    "overall_accuracy": 0.9824561403508771,
    "per_class_metrics": {
        "ElevenLabs": {
            "precision": 0.9917355371900827,
            "recall": 0.9836065573770492,
            "f1_score": 0.9876543209876543,
            "roc_auc": 0.9998532556286948,
            "support": 122
        },
        "Original": {
            "precision": 0.9863945578231292,
            "recall": 0.9863945578231292,
            "f1_score": 0.9863945578231292,
            "roc_auc": 0.9992193598750976,
            "support": 147
        },
        "Tacotron": {
            "precision": 0.8928571428571429,
            "recall": 1.0,
            "f1_score": 0.9433962264150944,
            "roc_auc": 1.0,
            "support": 25
        },
        "Text To Speech": {
            "precision": 0.9902439024390244,
            "recall": 0.9759615384615384,
            "f1_score": 0.9830508474576272,
            "roc_auc": 0.9988177805800756,
            "support": 208
        },
        "Voice Conversion": {
            "precision": 0.9166666666666666,
            "recall": 1.0,
            "f1_score": 0.9565217391304348,
            "roc_auc": 1.0,
            "support": 11
        }
    },
    "timestamp": "2025-10-18T15:46:09.537776"
}